[
  {
    "id": "3a3372b4-a804-4148-8106-c84cdab3c1a8",
    "data": [
      {
        "text": "TV Guide",
        "userDefined": false
      }
    ],
    "isTemplate": false,
    "count": 0,
    "updated": 0
  },
  {
    "id": "de4be04c-7c16-4596-a527-3d5f344f9d8b",
    "data": [
      {
        "text": "Anything on ",
        "userDefined": false
      },
      {
        "text": "National Geographic",
        "alias": "channel",
        "meta": "@channel",
        "userDefined": false
      },
      {
        "text": "?",
        "userDefined": false
      }
    ],
    "isTemplate": false,
    "count": 0,
    "updated": 0
  },
  {
    "id": "c321b3d2-727e-4213-af99-657d9ba40897",
    "data": [
      {
        "text": "What will be on tv ",
        "userDefined": false
      },
      {
        "text": "at noon",
        "alias": "time",
        "meta": "@sys.time",
        "userDefined": false
      },
      {
        "text": "?",
        "userDefined": false
      }
    ],
    "isTemplate": false,
    "count": 0,
    "updated": 0
  },
  {
    "id": "2c4e2fe5-3d76-4964-af70-8846c8f738d8",
    "data": [
      {
        "text": "What\u0027s on ",
        "userDefined": false
      },
      {
        "text": "Comedy Central",
        "alias": "channel",
        "meta": "@channel",
        "userDefined": false
      },
      {
        "text": " from ",
        "userDefined": false
      },
      {
        "text": "10",
        "alias": "channel",
        "meta": "@channel",
        "userDefined": false
      },
      {
        "text": " AM?",
        "userDefined": false
      }
    ],
    "isTemplate": false,
    "count": 0,
    "updated": 0
  },
  {
    "id": "0d764845-3646-4aa1-8732-6100763c0b7f",
    "data": [
      {
        "text": "Tell me what is on television.",
        "userDefined": false
      }
    ],
    "isTemplate": false,
    "count": 0,
    "updated": 0
  },
  {
    "id": "33ba607d-a4f8-4c3a-8e94-9c7976782d88",
    "data": [
      {
        "text": "Please give me the tv guide.",
        "userDefined": false
      }
    ],
    "isTemplate": false,
    "count": 0,
    "updated": 0
  },
  {
    "id": "e40b51f8-e0a9-4746-81e8-a26e3a4f3100",
    "data": [
      {
        "text": "What\u0027s on TV?",
        "userDefined": false
      }
    ],
    "isTemplate": false,
    "count": 0,
    "updated": 0
  },
  {
    "id": "9f55861a-cbc1-42cb-bfbc-96fc2d2bd5e3",
    "data": [
      {
        "text": "What\u0027s on channel ",
        "userDefined": false
      },
      {
        "text": "MTV",
        "alias": "channel",
        "meta": "@channel",
        "userDefined": false
      },
      {
        "text": "?",
        "userDefined": false
      }
    ],
    "isTemplate": false,
    "count": 0,
    "updated": 0
  },
  {
    "id": "68491d77-fb89-4d27-a51a-3969e77a2fca",
    "data": [
      {
        "text": "What can I watch at ",
        "userDefined": false
      },
      {
        "text": "7",
        "alias": "channel",
        "meta": "@channel",
        "userDefined": false
      },
      {
        "text": " PM?",
        "userDefined": false
      }
    ],
    "isTemplate": false,
    "count": 0,
    "updated": 0
  },
  {
    "id": "8570b1b9-b609-411f-b92f-44740002bed0",
    "data": [
      {
        "text": "Anything airing on ",
        "userDefined": false
      },
      {
        "text": "Net Station 1",
        "alias": "channel",
        "meta": "@channel",
        "userDefined": false
      },
      {
        "text": " right now?",
        "userDefined": false
      }
    ],
    "isTemplate": false,
    "count": 0,
    "updated": 0
  },
  {
    "id": "89b9ca28-8871-4f19-8b40-3d00e56aa516",
    "data": [
      {
        "text": "What is airing now.",
        "userDefined": false
      }
    ],
    "isTemplate": false,
    "count": 0,
    "updated": 0
  },
  {
    "id": "951494ba-bea8-40af-9afc-ca664d22d1c5",
    "data": [
      {
        "text": "What is currently on TV?",
        "userDefined": false
      }
    ],
    "isTemplate": false,
    "count": 0,
    "updated": 0
  },
  {
    "id": "d775d0bc-2301-4e5a-ad39-7e76ad5c9af5",
    "data": [
      {
        "text": "What show will start at ",
        "userDefined": false
      },
      {
        "text": "8",
        "alias": "channel",
        "meta": "@channel",
        "userDefined": false
      },
      {
        "text": " PM on ",
        "userDefined": false
      },
      {
        "text": "National Geographic",
        "alias": "channel",
        "meta": "@channel",
        "userDefined": false
      },
      {
        "text": "?",
        "userDefined": false
      }
    ],
    "isTemplate": false,
    "count": 0,
    "updated": 0
  },
  {
    "id": "ce220b19-96eb-4a0c-943f-105ebdacf014",
    "data": [
      {
        "text": "What\u0027s playing on ",
        "userDefined": false
      },
      {
        "text": "Comedy Central",
        "alias": "channel",
        "meta": "@channel",
        "userDefined": false
      },
      {
        "text": "?",
        "userDefined": false
      }
    ],
    "isTemplate": false,
    "count": 0,
    "updated": 0
  },
  {
    "id": "45c0bd7b-a6af-4c99-b90a-a5c3144d4f51",
    "data": [
      {
        "text": "What\u0027s on ",
        "userDefined": false
      },
      {
        "text": "MTV",
        "alias": "channel",
        "meta": "@channel",
        "userDefined": false
      },
      {
        "text": "?",
        "userDefined": false
      }
    ],
    "isTemplate": false,
    "count": 0,
    "updated": 0
  }
]